{
  "shopping": [
    {
      "id": 1,
      "name": "Diet Coke"
    },
    {
      "id": "413a4d6c-8cf9-4964-b9ae-036527ee5c51",
      "name": "fdfd"
    },
    {
      "id": "efbd3bc9-efb7-400d-a792-702e811362da",
      "name": "Pizza"
    },
    {
      "id": "758506a9-9c6c-4782-a1fa-8d27a418321b",
      "name": "Pizza"
    },
    {
      "id": "1c9d957e-ac76-4517-b0b9-e922c0791203",
      "name": "sasa"
    },
    {
      "id": "7feb3fbd-c8dc-4fc2-a448-f2ddece2d64d",
      "name": "Pizza"
    }
  ]
}